<wpml-config>
    <custom-fields>
        <custom-field action="translate">advanced</custom-field>
        <custom-field action="translate">cars_videos</custom-field>
        <custom-field action="translate">car_body</custom-field>
        <custom-field action="translate">car_carlocation</custom-field>
        <custom-field action="translate">car_carlocation_1</custom-field>
        <custom-field action="translate">car_carlocation_2</custom-field>
        <custom-field action="translate">car_carlocation_3</custom-field>
        <custom-field action="translate">car_cover_image</custom-field>
        <custom-field action="translate">car_doors_count</custom-field>
        <custom-field action="translate">car_engine_additional</custom-field>
        <custom-field action="translate">car_engine_size</custom-field>
        <custom-field action="translate">car_exterior_color</custom-field>
        <custom-field action="translate">car_fuel_type</custom-field>
        <custom-field action="translate">car_interrior_color</custom-field>
        <custom-field action="translate">car_is_damaged</custom-field>
        <custom-field action="translate">car_is_featured</custom-field>
        <custom-field action="translate">car_is_new</custom-field>
        <custom-field action="translate">car_mileage</custom-field>
        <custom-field action="translate">car_owner_number</custom-field>
        <custom-field action="translate">car_price</custom-field>
        <custom-field action="translate">car_transmission</custom-field>
        <custom-field action="translate">car_views_count</custom-field>
        <custom-field action="translate">car_vin</custom-field>
        <custom-field action="translate">car_year</custom-field>
        <custom-field action="translate">cuteslider_slide_group</custom-field>
        <custom-field action="translate">fax</custom-field>
        <custom-field action="translate">hide_single_page_title</custom-field>
        <custom-field action="translate">layerslider_slide_group</custom-field>
        <custom-field action="translate">meta_description</custom-field>
        <custom-field action="translate">meta_keywords</custom-field>
        <custom-field action="translate">meta_title</custom-field>
        <custom-field action="translate">mobile_phone</custom-field>
        <custom-field action="translate">office_phone</custom-field>
        <custom-field action="translate">pagebg_color</custom-field>
        <custom-field action="translate">pagebg_image</custom-field>
        <custom-field action="translate">pagebg_type</custom-field>
        <custom-field action="translate">pagebg_type_image_option</custom-field>
        <custom-field action="translate">page_sidebar_position</custom-field>
        <custom-field action="translate">page_slider</custom-field>
        <custom-field action="translate">page_slider_type</custom-field>
        <custom-field action="translate">post_pod_type</custom-field>
        <custom-field action="translate">post_type_values</custom-field>
        <custom-field action="translate">slides_group</custom-field>
        <custom-field action="translate">staff_email</custom-field>
        <custom-field action="translate">thememakers_layout_constructor</custom-field>
        <custom-field action="translate">thememakers_layout_constructor_row</custom-field>
        <custom-field action="translate">used_car</custom-field>
        <custom-field action="translate">_cms_nav_minihome</custom-field>
        <custom-field action="translate">_icl_lang_duplicate_of</custom-field>
        <custom-field action="translate">_menu_item_classes</custom-field>
        <custom-field action="translate">_menu_item_menu_item_parent</custom-field>
        <custom-field action="translate">_menu_item_object</custom-field>
        <custom-field action="translate">_menu_item_object_id</custom-field>
        <custom-field action="translate">_menu_item_target</custom-field>
        <custom-field action="translate">_menu_item_type</custom-field>
        <custom-field action="translate">_menu_item_url</custom-field>
        <custom-field action="translate">_menu_item_xfn</custom-field>
        <custom-field action="translate">_top_nav_excluded</custom-field>
        <custom-field action="translate">_wp_old_slug</custom-field>
    </custom-fields>
    <custom-types>
        <custom-type translate="1">Slider Groups</custom-type>
        <custom-type translate="1">Staff</custom-type>
        <custom-type translate="1">car</custom-type>
    </custom-types>
    <taxonomies>
        <taxonomy translate="1">carproducer</taxonomy>
    </taxonomies>
</wpml-config>